-- dummy board
INSERT INTO board (mem_id, cafe_id, title, content, write_date, view_count) VALUES (14, 5, '제목1입니다.', '내용1입니다.', NOW(), 0);
INSERT INTO board (mem_id, cafe_id, title, content, write_date, view_count) VALUES (14, 5, '제목2입니다.', '내용2입니다.', NOW(), 0);
INSERT INTO board (mem_id, cafe_id, title, content, write_date, view_count) VALUES (14, 5, '제목3입니다.', '내용3입니다.', NOW(), 0);
INSERT INTO board (mem_id, cafe_id, title, content, write_date, view_count) VALUES (14, 5, '제목4입니다.', '내용4입니다.', NOW(), 0);
INSERT INTO board (mem_id, cafe_id, title, content, write_date, view_count) VALUES (14, 5, '제목5입니다.', '내용5입니다.', NOW(), 0);
INSERT INTO board (mem_id, cafe_id, title, content, write_date, view_count) VALUES (14, 5, '제목6입니다.', '내용6입니다.', NOW(), 0);
INSERT INTO board (mem_id, cafe_id, title, content, write_date, view_count) VALUES (14, 5, '제목7입니다.', '내용7입니다.', NOW(), 0);
INSERT INTO board (mem_id, cafe_id, title, content, write_date, view_count) VALUES (14, 5, '제목8입니다.', '내용8입니다.', NOW(), 0);
INSERT INTO board (mem_id, cafe_id, title, content, write_date, view_count) VALUES (14, 5, '제목9입니다.', '내용9입니다.', NOW(), 0);
INSERT INTO board (mem_id, cafe_id, title, content, write_date, view_count) VALUES (14, 5, '제목10입니다.', '내용10입니다.', NOW(), 0);
INSERT INTO board (mem_id, cafe_id, title, content, write_date, view_count) VALUES (14, 5, '제목11입니다.', '내용11입니다.', NOW(), 0);
INSERT INTO board (mem_id, cafe_id, title, content, write_date, view_count) VALUES (14, 5, '제목12입니다.', '내용12입니다.', NOW(), 0);
INSERT INTO board (mem_id, cafe_id, title, content, write_date, view_count) VALUES (14, 5, '제목13입니다.', '내용13입니다.', NOW(), 0);
INSERT INTO board (mem_id, cafe_id, title, content, write_date, view_count) VALUES (14, 5, '제목14입니다.', '내용14입니다.', NOW(), 0);
INSERT INTO board (mem_id, cafe_id, title, content, write_date, view_count) VALUES (14, 5, '제목15입니다.', '내용15입니다.', NOW(), 0);
INSERT INTO board (mem_id, cafe_id, title, content, write_date, view_count) VALUES (14, 5, '제목16입니다.', '내용16입니다.', NOW(), 0);
INSERT INTO board (mem_id, cafe_id, title, content, write_date, view_count) VALUES (14, 5, '제목17입니다.', '내용17입니다.', NOW(), 0);
INSERT INTO board (mem_id, cafe_id, title, content, write_date, view_count) VALUES (14, 5, '제목18입니다.', '내용18입니다.', NOW(), 0);
INSERT INTO board (mem_id, cafe_id, title, content, write_date, view_count) VALUES (14, 5, '제목19입니다.', '내용19입니다.', NOW(), 0);
INSERT INTO board (mem_id, cafe_id, title, content, write_date, view_count) VALUES (14, 5, '제목20입니다.', '내용20입니다.', NOW(), 0);
INSERT INTO board (mem_id, cafe_id, title, content, write_date, view_count) VALUES (14, 5, '제목21입니다.', '내용21입니다.', NOW(), 0);
INSERT INTO board (mem_id, cafe_id, title, content, write_date, view_count) VALUES (14, 5, '제목22입니다.', '내용22입니다.', NOW(), 0);
INSERT INTO board (mem_id, cafe_id, title, content, write_date, view_count) VALUES (14, 5, '제목23입니다.', '내용23입니다.', NOW(), 0);
INSERT INTO board (mem_id, cafe_id, title, content, write_date, view_count) VALUES (14, 5, '제목24입니다.', '내용24입니다.', NOW(), 0);
INSERT INTO board (mem_id, cafe_id, title, content, write_date, view_count) VALUES (14, 5, '제목25입니다.', '내용25입니다.', NOW(), 0);
INSERT INTO board (mem_id, cafe_id, title, content, write_date, view_count) VALUES (14, 5, '제목26입니다.', '내용26입니다.', NOW(), 0);
INSERT INTO board (mem_id, cafe_id, title, content, write_date, view_count) VALUES (14, 5, '제목27입니다.', '내용27입니다.', NOW(), 0);
INSERT INTO board (mem_id, cafe_id, title, content, write_date, view_count) VALUES (14, 5, '제목28입니다.', '내용28입니다.', NOW(), 0);
INSERT INTO board (mem_id, cafe_id, title, content, write_date, view_count) VALUES (14, 5, '제목29입니다.', '내용29입니다.', NOW(), 0);
INSERT INTO board (mem_id, cafe_id, title, content, write_date, view_count) VALUES (14, 5, '제목30입니다.', '내용30입니다.', NOW(), 0);
INSERT INTO board (mem_id, cafe_id, title, content, write_date, view_count) VALUES (14, 5, '제목31입니다.', '내용31입니다.', NOW(), 0);
INSERT INTO board (mem_id, cafe_id, title, content, write_date, view_count) VALUES (14, 5, '제목32입니다.', '내용32입니다.', NOW(), 0);
INSERT INTO board (mem_id, cafe_id, title, content, write_date, view_count) VALUES (14, 5, '제목33입니다.', '내용33입니다.', NOW(), 0);
INSERT INTO board (mem_id, cafe_id, title, content, write_date, view_count) VALUES (14, 5, '제목34입니다.', '내용34입니다.', NOW(), 0);
INSERT INTO board (mem_id, cafe_id, title, content, write_date, view_count) VALUES (14, 5, '제목35입니다.', '내용35입니다.', NOW(), 0);
INSERT INTO board (mem_id, cafe_id, title, content, write_date, view_count) VALUES (14, 5, '제목36입니다.', '내용36입니다.', NOW(), 0);
INSERT INTO board (mem_id, cafe_id, title, content, write_date, view_count) VALUES (14, 5, '제목37입니다.', '내용37입니다.', NOW(), 0);
INSERT INTO board (mem_id, cafe_id, title, content, write_date, view_count) VALUES (14, 5, '제목38입니다.', '내용38입니다.', NOW(), 0);
INSERT INTO board (mem_id, cafe_id, title, content, write_date, view_count) VALUES (14, 5, '제목39입니다.', '내용39입니다.', NOW(), 0);
INSERT INTO board (mem_id, cafe_id, title, content, write_date, view_count) VALUES (14, 5, '제목40입니다.', '내용40입니다.', NOW(), 0);
INSERT INTO board (mem_id, cafe_id, title, content, write_date, view_count) VALUES (14, 5, '제목41입니다.', '내용41입니다.', NOW(), 0);
INSERT INTO board (mem_id, cafe_id, title, content, write_date, view_count) VALUES (14, 5, '제목42입니다.', '내용42입니다.', NOW(), 0);
INSERT INTO board (mem_id, cafe_id, title, content, write_date, view_count) VALUES (14, 5, '제목43입니다.', '내용43입니다.', NOW(), 0);
INSERT INTO board (mem_id, cafe_id, title, content, write_date, view_count) VALUES (14, 5, '제목44입니다.', '내용44입니다.', NOW(), 0);
INSERT INTO board (mem_id, cafe_id, title, content, write_date, view_count) VALUES (14, 5, '제목45입니다.', '내용45입니다.', NOW(), 0);
INSERT INTO board (mem_id, cafe_id, title, content, write_date, view_count) VALUES (14, 5, '제목46입니다.', '내용46입니다.', NOW(), 0);
INSERT INTO board (mem_id, cafe_id, title, content, write_date, view_count) VALUES (14, 5, '제목47입니다.', '내용47입니다.', NOW(), 0);
INSERT INTO board (mem_id, cafe_id, title, content, write_date, view_count) VALUES (14, 5, '제목48입니다.', '내용48입니다.', NOW(), 0);
INSERT INTO board (mem_id, cafe_id, title, content, write_date, view_count) VALUES (14, 5, '제목49입니다.', '내용49입니다.', NOW(), 0);
INSERT INTO board (mem_id, cafe_id, title, content, write_date, view_count) VALUES (14, 5, '제목50입니다.', '내용50입니다.', NOW(), 0);
INSERT INTO board (mem_id, cafe_id, title, content, write_date, view_count) VALUES (14, 5, '제목51입니다.', '내용51입니다.', NOW(), 0);
INSERT INTO board (mem_id, cafe_id, title, content, write_date, view_count) VALUES (14, 5, '제목52입니다.', '내용52입니다.', NOW(), 0);
INSERT INTO board (mem_id, cafe_id, title, content, write_date, view_count) VALUES (14, 5, '제목53입니다.', '내용53입니다.', NOW(), 0);
INSERT INTO board (mem_id, cafe_id, title, content, write_date, view_count) VALUES (14, 5, '제목54입니다.', '내용54입니다.', NOW(), 0);
INSERT INTO board (mem_id, cafe_id, title, content, write_date, view_count) VALUES (14, 5, '제목55입니다.', '내용55입니다.', NOW(), 0);
INSERT INTO board (mem_id, cafe_id, title, content, write_date, view_count) VALUES (14, 5, '제목56입니다.', '내용56입니다.', NOW(), 0);
INSERT INTO board (mem_id, cafe_id, title, content, write_date, view_count) VALUES (14, 5, '제목57입니다.', '내용57입니다.', NOW(), 0);
INSERT INTO board (mem_id, cafe_id, title, content, write_date, view_count) VALUES (14, 5, '제목58입니다.', '내용58입니다.', NOW(), 0);
INSERT INTO board (mem_id, cafe_id, title, content, write_date, view_count) VALUES (14, 5, '제목59입니다.', '내용59입니다.', NOW(), 0);
INSERT INTO board (mem_id, cafe_id, title, content, write_date, view_count) VALUES (14, 5, '제목60입니다.', '내용60입니다.', NOW(), 0);

-- dummy member
INSERT INTO member (my_cafe_id, member_id, member_pw, name, join_date) VALUES(9, 'dkwq', '1234', 'kelo', NOW());
INSERT INTO member (my_cafe_id, member_id, member_pw, name, join_date) VALUES(10, 'kjhl', '1234', 'Liam', NOW());
INSERT INTO member (my_cafe_id, member_id, member_pw, name, join_date) VALUES(11, 'fepq', '1234', 'Ava', NOW());
INSERT INTO member (my_cafe_id, member_id, member_pw, name, join_date) VALUES(12, 'wgad', '1234', 'Noah', NOW());
INSERT INTO member (my_cafe_id, member_id, member_pw, name, join_date) VALUES(13, 'ouis', '1234', 'Emma', NOW());
INSERT INTO member (my_cafe_id, member_id, member_pw, name, join_date) VALUES(14, 'vbxz', '1234', 'Oliver', NOW());
INSERT INTO member (my_cafe_id, member_id, member_pw, name, join_date) VALUES(15, 'rmlo', '1234', 'Isla', NOW());
INSERT INTO member (my_cafe_id, member_id, member_pw, name, join_date) VALUES(16, 'ktyu', '1234', 'Sophia', NOW());
INSERT INTO member (my_cafe_id, member_id, member_pw, name, join_date) VALUES(17, 'abcd', '1234', 'Elijah', NOW());
INSERT INTO member (my_cafe_id, member_id, member_pw, name, join_date) VALUES(18, 'zyxw', '1234', 'Mia', NOW());
INSERT INTO member (my_cafe_id, member_id, member_pw, name, join_date) VALUES(19, 'jfkd', '1234', 'Lucas', NOW());
INSERT INTO member (my_cafe_id, member_id, member_pw, name, join_date) VALUES(20, 'pter', '1234', 'Amelia', NOW());
INSERT INTO member (my_cafe_id, member_id, member_pw, name, join_date) VALUES(21, 'mlkj', '1234', 'Harper', NOW());
INSERT INTO member (my_cafe_id, member_id, member_pw, name, join_date) VALUES(22, 'hngs', '1234', 'Benjamin', NOW());
INSERT INTO member (my_cafe_id, member_id, member_pw, name, join_date) VALUES(23, 'uirk', '1234', 'Evelyn', NOW());
INSERT INTO member (my_cafe_id, member_id, member_pw, name, join_date) VALUES(24, 'yxvb', '1234', 'Henry', NOW());
INSERT INTO member (my_cafe_id, member_id, member_pw, name, join_date) VALUES(25, 'poiu', '1234', 'Abigail', NOW());
INSERT INTO member (my_cafe_id, member_id, member_pw, name, join_date) VALUES(26, 'qwer', '1234', 'Samuel', NOW());
INSERT INTO member (my_cafe_id, member_id, member_pw, name, join_date) VALUES(27, 'zxpo', '1234', 'Ella', NOW());
INSERT INTO member (my_cafe_id, member_id, member_pw, name, join_date) VALUES(28, 'bvrt', '1234', 'Alexander', NOW());
INSERT INTO member (my_cafe_id, member_id, member_pw, name, join_date) VALUES(29, 'lygq', '1234', 'Scarlett', NOW());
INSERT INTO member (my_cafe_id, member_id, member_pw, name, join_date) VALUES(30, 'asdf', '1234', 'James', NOW());
INSERT INTO member (my_cafe_id, member_id, member_pw, name, join_date) VALUES(31, 'kjhg', '1234', 'Grace', NOW());
INSERT INTO member (my_cafe_id, member_id, member_pw, name, join_date) VALUES(32, 'nbvc', '1234', 'William', NOW());
INSERT INTO member (my_cafe_id, member_id, member_pw, name, join_date) VALUES(33, 'trwe', '1234', 'Lily', NOW());
INSERT INTO member (my_cafe_id, member_id, member_pw, name, join_date) VALUES(34, 'mlop', '1234', 'Aiden', NOW());
INSERT INTO member (my_cafe_id, member_id, member_pw, name, join_date) VALUES(35, 'qwey', '1234', 'Chloe', NOW());
INSERT INTO member (my_cafe_id, member_id, member_pw, name, join_date) VALUES(36, 'zpqo', '1234', 'Ethan', NOW());
INSERT INTO member (my_cafe_id, member_id, member_pw, name, join_date) VALUES(37, 'iopl', '1234', 'Olivia', NOW());
INSERT INTO member (my_cafe_id, member_id, member_pw, name, join_date) VALUES(38, 'gqnm', '1234', 'Daniel', NOW());
INSERT INTO member (my_cafe_id, member_id, member_pw, name, join_date) VALUES(39, 'tyui', '1234', 'Aubrey', NOW());
INSERT INTO member (my_cafe_id, member_id, member_pw, name, join_date) VALUES(40, 'sdfl', '1234', 'Jackson', NOW());
INSERT INTO member (my_cafe_id, member_id, member_pw, name, join_date) VALUES(41, 'rqwe', '1234', 'Zoey', NOW());
INSERT INTO member (my_cafe_id, member_id, member_pw, name, join_date) VALUES(42, 'vcxz', '1234', 'Sebastian', NOW());
INSERT INTO member (my_cafe_id, member_id, member_pw, name, join_date) VALUES(43, 'lkjh', '1234', 'Addison', NOW());
INSERT INTO member (my_cafe_id, member_id, member_pw, name, join_date) VALUES(44, 'poiu', '1234', 'Mason', NOW());
INSERT INTO member (my_cafe_id, member_id, member_pw, name, join_date) VALUES(45, 'uiop', '1234', 'Lillian', NOW());
INSERT INTO member (my_cafe_id, member_id, member_pw, name, join_date) VALUES(46, 'qopy', '1234', 'Logan', NOW());
INSERT INTO member (my_cafe_id, member_id, member_pw, name, join_date) VALUES(47, 'ture', '1234', 'Natalie', NOW());
INSERT INTO member (my_cafe_id, member_id, member_pw, name, join_date) VALUES(48, 'xznb', '1234', 'Mateo', NOW());
INSERT INTO member (my_cafe_id, member_id, member_pw, name, join_date) VALUES(49, 'mkjl', '1234', 'Sofia', NOW());

-- dummy cafe
INSERT INTO cafe (admin_id, cafe_img, title, introduce, genre, create_date) VALUES(18, '1e1f80cc491dd4131af2716f569e8aa5.png', '마음을 여행하는 힐링', '카페를 소개하는 글입니다.', '여행', NOW());
INSERT INTO cafe (admin_id, cafe_img, title, introduce, genre, create_date) VALUES(19, '1e1f80cc491dd4131af2716f569e8aa5.png', '모험의 시작, 게임 세계', '카페를 소개하는 글입니다.', '게임', NOW());
INSERT INTO cafe (admin_id, cafe_img, title, introduce, genre, create_date) VALUES(20, '1e1f80cc491dd4131af2716f569e8aa5.png', '지식의 나무, 독서의 매력', '카페를 소개하는 글입니다.', '독서', NOW());
INSERT INTO cafe (admin_id, cafe_img, title, introduce, genre, create_date) VALUES(21, '1e1f80cc491dd4131af2716f569e8aa5.png', '소리의 세계, 음악 여행', '카페를 소개하는 글입니다.', '음악', NOW());
INSERT INTO cafe (admin_id, cafe_img, title, introduce, genre, create_date) VALUES(22, '1e1f80cc491dd4131af2716f569e8aa5.png', '감동의 순간, 영화의 세계', '카페를 소개하는 글입니다.', '영화', NOW());
INSERT INTO cafe (admin_id, cafe_img, title, introduce, genre, create_date) VALUES(23, '1e1f80cc491dd4131af2716f569e8aa5.png', '여행의 기록, 세계 일주', '카페를 소개하는 글입니다.', '여행', NOW());
INSERT INTO cafe (admin_id, cafe_img, title, introduce, genre, create_date) VALUES(24, '1e1f80cc491dd4131af2716f569e8aa5.png', 'IT 혁신과 함께하는 세상', '카페를 소개하는 글입니다.', 'IT', NOW());
INSERT INTO cafe (admin_id, cafe_img, title, introduce, genre, create_date) VALUES(25, '1e1f80cc491dd4131af2716f569e8aa5.png', '건강한 삶을 위한 정보', '카페를 소개하는 글입니다.', '건강', NOW());
INSERT INTO cafe (admin_id, cafe_img, title, introduce, genre, create_date) VALUES(26, '1e1f80cc491dd4131af2716f569e8aa5.png', '스타일링의 시작, 패션 세계', '카페를 소개하는 글입니다.', '패션', NOW());
INSERT INTO cafe (admin_id, cafe_img, title, introduce, genre, create_date) VALUES(27, '1e1f80cc491dd4131af2716f569e8aa5.png', '동물의 친구, 우리 동네', '카페를 소개하는 글입니다.', '동물', NOW());
INSERT INTO cafe (admin_id, cafe_img, title, introduce, genre, create_date) VALUES(28, '1e1f80cc491dd4131af2716f569e8aa5.png', '예술의 아름다움, 미술 감상', '카페를 소개하는 글입니다.', '미술', NOW());
INSERT INTO cafe (admin_id, cafe_img, title, introduce, genre, create_date) VALUES(29, '1e1f80cc491dd4131af2716f569e8aa5.png', '맛있는 여행, 음식 탐험', '카페를 소개하는 글입니다.', '음식', NOW());
INSERT INTO cafe (admin_id, cafe_img, title, introduce, genre, create_date) VALUES(30, '1e1f80cc491dd4131af2716f569e8aa5.png', '과거의 흔적, 역사 속으로', '카페를 소개하는 글입니다.', '역사', NOW());
INSERT INTO cafe (admin_id, cafe_img, title, introduce, genre, create_date) VALUES(31, '1e1f80cc491dd4131af2716f569e8aa5.png', '스포츠 열정의 순간', '카페를 소개하는 글입니다.', '스포츠', NOW());
INSERT INTO cafe (admin_id, cafe_img, title, introduce, genre, create_date) VALUES(32, '1e1f80cc491dd4131af2716f569e8aa5.png', '자동차 여행의 매력', '카페를 소개하는 글입니다.', '자동차', NOW());
INSERT INTO cafe (admin_id, cafe_img, title, introduce, genre, create_date) VALUES(33, '1e1f80cc491dd4131af2716f569e8aa5.png', '취미 생활의 즐거움', '카페를 소개하는 글입니다.', '취미', NOW());
INSERT INTO cafe (admin_id, cafe_img, title, introduce, genre, create_date) VALUES(34, '1e1f80cc491dd4131af2716f569e8aa5.png', '학문의 세계, 지식 탐험', '카페를 소개하는 글입니다.', '학문', NOW());
INSERT INTO cafe (admin_id, cafe_img, title, introduce, genre, create_date) VALUES(35, '1e1f80cc491dd4131af2716f569e8aa5.png', '다국어 소통의 문, 언어 여행', '카페를 소개하는 글입니다.', '언어', NOW());
INSERT INTO cafe (admin_id, cafe_img, title, introduce, genre, create_date) VALUES(36, '1e1f80cc491dd4131af2716f569e8aa5.png', '렌즈 속의 아름다움, 사진 감상', '카페를 소개하는 글입니다.', '사진', NOW());
INSERT INTO cafe (admin_id, cafe_img, title, introduce, genre, create_date) VALUES(37, '1e1f80cc491dd4131af2716f569e8aa5.png', '경제 속으로, 흐름을 읽다', '카페를 소개하는 글입니다.', '경제', NOW());
INSERT INTO cafe (admin_id, cafe_img, title, introduce, genre, create_date) VALUES(38, '1e1f80cc491dd4131af2716f569e8aa5.png', '정치 이야기, 세상을 바꾸다', '카페를 소개하는 글입니다.', '정치', NOW());
INSERT INTO cafe (admin_id, cafe_img, title, introduce, genre, create_date) VALUES(39, '1e1f80cc491dd4131af2716f569e8aa5.png', '게임의 세계, 재미와 모험', '카페를 소개하는 글입니다.', '게임', NOW());
INSERT INTO cafe (admin_id, cafe_img, title, introduce, genre, create_date) VALUES(40, '1e1f80cc491dd4131af2716f569e8aa5.png', '책 속의 세계, 독서 여행', '카페를 소개하는 글입니다.', '독서', NOW());
INSERT INTO cafe (admin_id, cafe_img, title, introduce, genre, create_date) VALUES(41, '1e1f80cc491dd4131af2716f569e8aa5.png', '음악의 다양성, 감성 탐험', '카페를 소개하는 글입니다.', '음악', NOW());
INSERT INTO cafe (admin_id, cafe_img, title, introduce, genre, create_date) VALUES(42, '1e1f80cc491dd4131af2716f569e8aa5.png', '영화 속 이야기, 감동의 여정', '카페를 소개하는 글입니다.', '영화', NOW());
INSERT INTO cafe (admin_id, cafe_img, title, introduce, genre, create_date) VALUES(43, '1e1f80cc491dd4131af2716f569e8aa5.png', '세계를 돌며 찾는 여행', '카페를 소개하는 글입니다.', '여행', NOW());
INSERT INTO cafe (admin_id, cafe_img, title, introduce, genre, create_date) VALUES(44, '1e1f80cc491dd4131af2716f569e8aa5.png', 'IT 혁신과 함께하는 삶', '카페를 소개하는 글입니다.', 'IT', NOW());
INSERT INTO cafe (admin_id, cafe_img, title, introduce, genre, create_date) VALUES(45, '1e1f80cc491dd4131af2716f569e8aa5.png', '건강한 삶을 위한 정보 공유', '카페를 소개하는 글입니다.', '건강', NOW());
INSERT INTO cafe (admin_id, cafe_img, title, introduce, genre, create_date) VALUES(46, '1e1f80cc491dd4131af2716f569e8aa5.png', '세련된 스타일, 패션 공간', '카페를 소개하는 글입니다.', '패션', NOW());
INSERT INTO cafe (admin_id, cafe_img, title, introduce, genre, create_date) VALUES(47, '1e1f80cc491dd4131af2716f569e8aa5.png', '동물 친구와 함께하는 일상', '카페를 소개하는 글입니다.', '동물', NOW());
INSERT INTO cafe (admin_id, cafe_img, title, introduce, genre, create_date) VALUES(48, '1e1f80cc491dd4131af2716f569e8aa5.png', '예술의 세계, 미술 감상', '카페를 소개하는 글입니다.', '미술', NOW());
INSERT INTO cafe (admin_id, cafe_img, title, introduce, genre, create_date) VALUES(49, '1e1f80cc491dd4131af2716f569e8aa5.png', '맛과 멋의 여행, 음식 탐험', '카페를 소개하는 글입니다.', '음식', NOW());
INSERT INTO cafe (admin_id, cafe_img, title, introduce, genre, create_date) VALUES(50, '1e1f80cc491dd4131af2716f569e8aa5.png', '과거의 흔적, 역사의 이야기', '카페를 소개하는 글입니다.', '역사', NOW());
INSERT INTO cafe (admin_id, cafe_img, title, introduce, genre, create_date) VALUES(51, '1e1f80cc491dd4131af2716f569e8aa5.png', '스포츠 열정의 순간을 공유', '카페를 소개하는 글입니다.', '스포츠', NOW());
INSERT INTO cafe (admin_id, cafe_img, title, introduce, genre, create_date) VALUES(52, '1e1f80cc491dd4131af2716f569e8aa5.png', '자동차 여행의 로드 트립', '카페를 소개하는 글입니다.', '자동차', NOW());
INSERT INTO cafe (admin_id, cafe_img, title, introduce, genre, create_date) VALUES(53, '1e1f80cc491dd4131af2716f569e8aa5.png', '다양한 취미 생활의 세계', '카페를 소개하는 글입니다.', '취미', NOW());
INSERT INTO cafe (admin_id, cafe_img, title, introduce, genre, create_date) VALUES(54, '1e1f80cc491dd4131af2716f569e8aa5.png', '학문과 지식의 세계 탐험', '카페를 소개하는 글입니다.', '학문', NOW());
INSERT INTO cafe (admin_id, cafe_img, title, introduce, genre, create_date) VALUES(55, '1e1f80cc491dd4131af2716f569e8aa5.png', '다국어 소통의 문, 언어 탐험', '카페를 소개하는 글입니다.', '언어', NOW());
INSERT INTO cafe (admin_id, cafe_img, title, introduce, genre, create_date) VALUES(56, '1e1f80cc491dd4131af2716f569e8aa5.png', '렌즈 속 아름다움, 사진 여행', '카페를 소개하는 글입니다.', '사진', NOW());
INSERT INTO cafe (admin_id, cafe_img, title, introduce, genre, create_date) VALUES(57, '1e1f80cc491dd4131af2716f569e8aa5.png', '경제의 흐름, 세상의 변화', '카페를 소개하는 글입니다.', '경제', NOW());
INSERT INTO cafe (admin_id, cafe_img, title, introduce, genre, create_date) VALUES(58, '1e1f80cc491dd4131af2716f569e8aa5.png', '정치의 이야기, 세상을 읽다', '카페를 카페를 소개하는 글입니다.하는 글입니다.', '정치', NOW());
























































































































